{
   "listing":{
      "localization":{
         "de":{
             "urls": [
                 {
                     "type": "YOUTUBE",
                     "value": "https://www.youtube.com/watch?v=j8B7rSkBkfc"
                 }
             ],
             "attachments": [
                 {
                     "type": "IMAGE",
                     "url": "https://media2.homegate.ch/listings/p464/3002083010/image/fab449726dd0320226476b9680077d4e.jpg",
                     "file": "0ce3c00a19.jpg"
                 },
                 {
                     "type": "IMAGE",
                     "url": "https://media2.homegate.ch/listings/p464/3002083010/image/ae31c0e9ffc832ba4c70885d8b088190.jpg",
                     "file": "99a91a8f79.jpg"
                 },
                 {
                     "type": "IMAGE",
                     "url": "https://media2.homegate.ch/listings/p464/3002083010/image/7be9f0564bf826cd360c16cbe61f5fe9.jpg",
                     "file": "c650f856ff.jpg"
                 },
                 {
                     "type": "IMAGE",
                     "url": "https://media2.homegate.ch/listings/p464/3002083010/image/a6702189f6f115e91fb0249a7cb22835.jpg",
                     "file": "e83631b243.jpg"
                 },
                 {
                     "type": "IMAGE",
                     "url": "https://media2.homegate.ch/listings/p464/3002083010/image/b51f31ba891270fade306b158b3faa08.jpg",
                     "file": "83392b6ac7.jpg"
                 },
                 {
                     "type": "IMAGE",
                     "url": "https://media2.homegate.ch/listings/p464/3002083010/image/f0dc063e337425c5141a60e1960d7a56.jpg",
                     "file": "1780ca771f.jpg"
                 },
                 {
                     "type": "IMAGE",
                     "url": "https://media2.homegate.ch/listings/p464/3002083010/image/5b83eb66b061d545dfe0cb0011277df2.jpg",
                     "file": "7455f80715.jpg"
                 },
                 {
                     "type": "IMAGE",
                     "url": "https://media2.homegate.ch/listings/p464/3002083010/image/377c59a91b3efaa0eaf8972e1a2095ba.jpg",
                     "file": "c0ebcc0244.jpg"
                 },
                 {
                     "type": "IMAGE",
                     "url": "https://media2.homegate.ch/listings/p464/3002083010/image/4dc3478cdb9a7e843e0ecf0bfd04d9fc.jpg",
                     "file": "48872ae758.jpg"
                 },
                 {
                     "type": "IMAGE",
                     "url": "https://media2.homegate.ch/listings/p464/3002083010/image/e4fac44eb4d43da4ba2b05bf7f00acc3.jpg",
                     "file": "c3c2c93076.jpg"
                 },
                 {
                     "type": "IMAGE",
                     "url": "https://media2.homegate.ch/listings/p464/3002083010/image/e4be19c91c8ff90e813bc5570dc0bf79.jpg",
                     "file": "25c9563d02.jpg"
                 },
                 {
                     "type": "IMAGE",
                     "url": "https://media2.homegate.ch/listings/p464/3002083010/image/0d7db17977b3948ccffffe439e59a1e0.jpg",
                     "file": "f36320075b.jpg"
                 },
                 {
                     "type": "IMAGE",
                     "url": "https://media2.homegate.ch/listings/p464/3002083010/image/315d98281f38721249ab1af652ee094a.jpg",
                     "file": "4049e08bdc.jpg"
                 },
                 {
                     "type": "IMAGE",
                     "url": "https://media2.homegate.ch/listings/p464/3002083010/image/824c2df53e4f65573e7ba712354a3521.jpg",
                     "file": "b8854067a2.jpg"
                 },
                 {
                     "type": "IMAGE",
                     "url": "https://media2.homegate.ch/listings/p464/3002083010/image/2b66070767ed2d116073a83462f80c0b.jpg",
                     "file": "3c5b6699ff.jpg"
                 },
                 {
                     "type": "IMAGE",
                     "url": "https://media2.homegate.ch/listings/p464/3002083010/image/5849dafdb1fb9cee9fd31b756fb17dbb.jpg",
                     "file": "d38a11fab6.jpg"
                 },
                 {
                     "type": "IMAGE",
                     "url": "https://media2.homegate.ch/listings/p464/3002083010/image/67137968f798d3a3729b5f5e9a444baf.jpg",
                     "file": "2268c9484b.jpg"
                 },
                 {
                     "type": "IMAGE",
                     "url": "https://media2.homegate.ch/listings/p464/3002083010/image/45ed33a48c7068c5d8dff18b595d326b.jpg",
                     "file": "82a9048475.jpg"
                 },
                 {
                     "type": "IMAGE",
                     "url": "https://media2.homegate.ch/listings/p464/3002083010/image/9882b9a1b77b0939dfff32ca2b7dca07.jpg",
                     "file": "23e9857763.jpg"
                 },
                 {
                     "type": "IMAGE",
                     "url": "https://media2.homegate.ch/listings/p464/3002083010/image/e3c77aeb4e1c43f1b8bcbf5f5117a5ba.jpg",
                     "file": "696f8be99d.jpg"
                 },
                 {
                     "type": "IMAGE",
                     "url": "https://media2.homegate.ch/listings/p464/3002083010/image/f52f2e07374bda896dfebc84a432ac37.jpg",
                     "file": "ebdb4aa432.jpg"
                 },
                 {
                     "type": "IMAGE",
                     "url": "https://media2.homegate.ch/listings/p464/3002083010/image/added3af73c7b439b107e89ccb717ea1.jpg",
                     "file": "f82310ccca.jpg"
                 }
             ],
            "text":{
               "title":"Sophia Loren, NO STREET VIEW, Maxi Formular",
               "description":"Dies ist eine automatisch generierte Nachricht. Bitte antworten Sie nicht auf dieses E-Mail.\r\n\r\nFolgende Inserate sind schon länger publiziert. Erhöhen Sie Ihre Erfolgschancen indem Sie diese Inserate erneut in den homegate.ch-Suchabos veröffentlichen.\r\n\r\n \r\n \r\n Objektreferenz: Publiziert seit: \r\n Oberentfelden, Alte Bürsti.Köllikerstrasse 32.D-EG 07.05.2014 \r\n Oberentfelden, Alte Bürsti.Köllikerstrasse 32, C-UG 1.01 07.05.2014 \r\n \r\n \r\n\r\nIm Bereich «Überprüfen» haben Sie die Möglichkeit, Ihre Inserate erneut in den homegate.ch-Suchabos zu veröffentlichen:\r\nhttp://www.myhomegate.ch/ueberpruefen/inserate\r\n\r\nIhr homegate.ch-Team\r\n\r\nHomegate AG\r\nWerdstrasse 21\r\n8004 Zürich\r\nE-Mail: service@homegate.ch\r\n\r\n \r\n"
            }
         },
         "primary":"de"
      },
      "characteristics":{
         "isWheelchairAccessible":true,
         "isOldBuilding":true,
         "arePetsAllowed":true,
         "hasElevator":true,
         "livingSpace":160,
         "yearBuilt":2014,
         "isGroundFloorRaised":true
      },
      "lister":{
         "legalName":"Homegate AG",
         "showApplicationDossierBanner":false,
         "address":{
            "locality":"Zürich",
            "country":"CH",
            "street":"Werdstrasse 211",
            "postalCode":"8004"
         },
         "phone":"+41 71 4443460",
         "id":"heia",
         "type":"AGENCY",
         "contacts":{
            "inquiry":{
               "givenName":"Prince Charles"
            }
         },
         "logoUrl":"https://www.homegate.ch/neutral/img/logos/l_xxx_3.jpg"
      },
      "address":{
         "country":"CH",
         "geoHierarchy":{
            "placeId":35777,
            "searchNameIds":[
               350,
               106,
               1
            ],
            "countrySearchNameId":350
         },
         "street":"Schützenhof 2",
         "postalCode":"8332",
         "locality":"Russikon",
         "geoCoordinates":{
            "accuracy":"LOW",
            "latitude":47.395604543869,
            "longitude":8.786859501391
         },
         "region":"ZH"
      },
      "legacy":{
         "advertisementId":105626158,
         "personId":38807,
         "publishingGroupId":1921,
         "deliveryGroupId":1064459
      },
      "externalIds":{
         "internalReferenceId":"heia#sophia121312#sophia#sophia",
         "displayReferenceId":"sophia.sophia.sophia121312",
         "displayPropertyReferenceId":"sophia.sophia.sophia121312",
         "propertyReferenceId":"heia#sophia121312#sophia#sophia"
      },
      "contactForm":{
         "size":"NO_ADDRESS",
         "deliveryFormat":"NORMAL"
      },
      "platforms":[
         "20min",
         "home",
         "homegate",
         "raiffeisen",
         "alleimmobilien"
      ],
      "offerType":"RENT",
      "meta":{
         "createdAt":"2019-07-31T09:16:38.993Z",
         "softwareName":"PD",
         "schemaVersion":"1.0.2",
         "updatedAt":"2019-11-14T08:21:09.913Z"
      },
      "id":"105626158",
      "categories":[
         "APARTMENT",
         "FLAT"
      ],
      "prices":{
         "rent":{
            "area":"ALL",
            "interval":"MONTH",
            "gross":340
         },
         "currency":"CHF"
      },
      "valueAddedServices":{
         "isShowcase":false
      }
   },
   "id":"105626158",
   "resourceLastModified":"1573719669913",
   "listerBranding":{
      "legalName":"Homegate AG",
      "address":{
         "locality":"Zürich",
         "country":"CH",
         "street":"Werdstrasse 211",
         "postalCode":"8004"
      },
      "adActive":false,
      "isQualityPartner":true,
      "isPremiumBranding":false,
      "profilePageUrlKeyword":null
   },
   "listingType":{
      "type":"STANDARD"
   },
   "paused":false,
   "remoteViewing":false
}
